INSERT INTO semester_project.Book (ISBN,title,publisher,no_of_pages,summary,`language`) VALUES ( 9789603322092,"Η ΓΛΩΣΣΑ ΠΡΟΓΡΑΜΜΑΤΙΣΜΟΥ C++","ΕΚΔΟΣΕΙΣ ΚΛΕΙΔΑΡΙΘΜΟΣ ΕΠΕ",899,"ys are over.Thats 20 pieces","Ελληνικά");
INSERT INTO semester_project.Book (ISBN,title,publisher,no_of_pages,summary,`language`) VALUES ( 9789604616206,"Η ΓΛΩΣΣΑ C++ ΣΕ ΒΑΘΟΣ","ΕΚΔΟΣΕΙΣ ΚΛΕΙΔΑΡΙΘΜΟΣ ΕΠΕ",839,"-It is around your half. See","English");
INSERT INTO semester_project.Book (ISBN,title,publisher,no_of_pages,summary,`language`) VALUES ( 9789605126803,"C++ Προγραμματισμός, 9η Εκδ.","Χ. ΓΚΙΟΥΡΔΑ & ΣΙΑ ΕΕ",372,"from?-What?-That! Back the","English");
INSERT INTO semester_project.Book (ISBN,title,publisher,no_of_pages,summary,`language`) VALUES ( 9789604911141,"Προγραμματισμός με τη C++, 2η Έκδοση","Α. ΠΑΠΑΣΩΤΗΡΙΟΥ & ΣΙΑ Ι.Κ.Ε.",221," todays eligible bachelorette","Ελληνικά");
INSERT INTO semester_project.Book (ISBN,title,publisher,no_of_pages,summary,`language`) VALUES ( 9789607309471,"Η ΣΥΓΚΡΟΤΗΣΗ ΤΗΣ ΣΥΓΧΡΟΝΗΣ ΕΠΙΣΤΗΜΗΣ","ΙΔΡΥΜΑ ΤΕΧΝΟΛΟΓΙΑΣ & ΕΡΕΥΝΑΣ-ΠΑΝΕΠΙΣΤΗΜΙΑΚΕΣ ΕΚΔΟΣΕΙΣ ΚΡΗΤΗΣ",860,"to get my shine onI break a ","Ελληνικά");
INSERT INTO semester_project.Book (ISBN,title,publisher,no_of_pages,summary,`language`) VALUES ( 9789607651907,"ΤΟ ΦΥΛΟ ΤΗΣ ΤΕΧΝΟΛΟΓΙΑΣ ΚΑΙ Η ΤΕΧΝΟΛΟΓΙΑ ΤΟΥ ΦΥΛΟΥ","ΚΟΛΕΤΣΟΣ ΟΡΕΣΤΗΣ-ΕΡΡΙΚΟΣ",561," thought you might like it ","Ελληνικά");
INSERT INTO semester_project.Book (ISBN,title,publisher,no_of_pages,summary,`language`) VALUES ( 9602546956,"ΔΙΑΜΟΡΦΩΝΟΝΤΑΣ ΤΗΝ ΤΕΧΝΟΛΟΓΙΑ - ΔΟΜΩΝΤΑΣ ΤΗΝ ΚΟΙΝΩΝΙΑ","ΕΘΝΙΚΟ ΜΕΤΣΟΒΙΟ ΠΟΛΥΤΕΧΝΕΙΟ",283,"ncess! Oh, good Lord.{Crow","English");
INSERT INTO semester_project.Book (ISBN,title,publisher,no_of_pages,summary,`language`) VALUES ( 9786185306502,"ΕΙΣΑΓΩΓΗ ΣΤΗ ΦΙΛΟΣΟΦΙΑ","ΙΩΑΝΝΗΣ ΑΡΧ. ΧΑΡΠΑΝΤΙΔΗΣ",439,"uffed und he puffed und he....","English");
INSERT INTO semester_project.Book (ISBN,title,publisher,no_of_pages,summary,`language`) VALUES ( 9786185495503,"Εισαγωγή στη Νευτώνεια Μηχανική","ΕΚΔΟΣΕΙΣ ΤΣΟΤΡΑΣ ΑΘΑΝΑΣΙΟΣ Ε.Ε.",950,"Oh-oh-ohI look into your e","Ελληνικά");
INSERT INTO semester_project.Book (ISBN,title,publisher,no_of_pages,summary,`language`) VALUES ( 9602545313,"ΜΗΧΑΝΙΚΗ","ΕΘΝΙΚΟ ΜΕΤΣΟΒΙΟ ΠΟΛΥΤΕΧΝΕΙΟ",861,", HAVE SOME FUN. If we need yo","Ελληνικά");
INSERT INTO semester_project.Book (ISBN,title,publisher,no_of_pages,summary,`language`) VALUES ( 9789604618514,"ΕΙΣΑΓΩΓΗ ΣΤΗ ΜΗΧΑΝΙΚΗ","ΕΚΔΟΣΕΙΣ ΚΛΕΙΔΑΡΙΘΜΟΣ ΕΠΕ",296,"ot my problem. You can tell Lo","English");
INSERT INTO semester_project.Book (ISBN,title,publisher,no_of_pages,summary,`language`) VALUES ( 9789605863050,"Θεμελιώδης πανεπιστημιακή φυσική","ΕΚΔΟΣΕΙΣ ΚΡΙΤΙΚΗ ΑΕ",671,"-Shrek! Shrek! Shrek!-Shh.","English");
INSERT INTO semester_project.Book (ISBN,title,publisher,no_of_pages,summary,`language`) VALUES ( 9789604189823,"Φυσική για Επιστήμονες και Μηχανικούς, 5η Έκδοση, Τόμος Α","ΕΚΔΟΣΕΙΣ Α. ΤΖΙΟΛΑ & ΥΙΟΙ Α.Ε.",1065,"een me and the awful stingTh","English");
INSERT INTO semester_project.Book (ISBN,title,publisher,no_of_pages,summary,`language`) VALUES ( 9789604910243,"Δημόσια Έργα","Α. ΠΑΠΑΣΩΤΗΡΙΟΥ & ΣΙΑ Ι.Κ.Ε.",1117,"ncess.-Go on.{Chuckles}-","Ελληνικά");
INSERT INTO semester_project.Book (ISBN,title,publisher,no_of_pages,summary,`language`) VALUES ( 9786185066765,"Μαθηματικά Ι β έκδοση","ΤΣΟΤΡΑΣ ΑΝ ΑΘΑΝΑΣΙΟΣ",999," right, Princess. But Ill let","English");
INSERT INTO semester_project.Book (ISBN,title,publisher,no_of_pages,summary,`language`) VALUES ( 9786185309008,"Μαθήματα Ανάλυσης","ΤΣΟΤΡΑΣ ΑΝ ΑΘΑΝΑΣΙΟΣ",303,"h our first meeting. Should it","Ελληνικά");
INSERT INTO semester_project.Book (ISBN,title,publisher,no_of_pages,summary,`language`) VALUES ( 9786185495329,"Εισαγωγή στην Γραμμική Άλγεβρα","ΕΚΔΟΣΕΙΣ ΤΣΟΤΡΑΣ ΑΘΑΝΑΣΙΟΣ Ε.Ε.",455," cool you off. Shes a loaded ","English");
INSERT INTO semester_project.Book (ISBN,title,publisher,no_of_pages,summary,`language`) VALUES ( 9786185066871,"Γραμμική Άλγεβρα και Αναλυτική Γεωμετρία","ΤΣΟΤΡΑΣ ΑΝ ΑΘΑΝΑΣΙΟΣ",1082,"guards!They thought they was","Ελληνικά");
INSERT INTO semester_project.Book (ISBN,title,publisher,no_of_pages,summary,`language`) VALUES ( 9786185066789,"Γραμμική Άλγεβρα Αναλυτική Γεωμετρία και Εφαρμογές","ΤΣΟΤΡΑΣ ΑΝ ΑΘΑΝΑΣΙΟΣ",420," years of our livesYeah, yea","English");
INSERT INTO semester_project.Book (ISBN,title,publisher,no_of_pages,summary,`language`) VALUES ( 9786185066611,"Γραμμική Αλγεβρα 2η εκδοση","ΤΣΟΤΡΑΣ ΑΝ ΑΘΑΝΑΣΙΟΣ",410,"down. Look, its not that bad.","Ελληνικά");
INSERT INTO semester_project.Book (ISBN,title,publisher,no_of_pages,summary,`language`) VALUES ( 9789605246358,"ΓΡΑΜΜΙΚΗ ΑΛΓΕΒΡΑ ΚΑΙ ΕΦΑΡΜΟΓΕΣ","ΙΔΡΥΜΑ ΤΕΧΝΟΛΟΓΙΑΣ & ΕΡΕΥΝΑΣ-ΠΑΝΕΠΙΣΤΗΜΙΑΚΕΣ ΕΚΔΟΣΕΙΣ ΚΡΗΤΗΣ",686,"eOh-oh-ohIts a new romanc","Ελληνικά");
INSERT INTO semester_project.Book (ISBN,title,publisher,no_of_pages,summary,`language`) VALUES ( 9789604187218,"Λογική Σχεδίαση Ψηφιακών Συστημάτων","ΕΚΔΟΣΕΙΣ Α. ΤΖΙΟΛΑ & ΥΙΟΙ Α.Ε.",669,"he matter with you? You got so","English");
INSERT INTO semester_project.Book (ISBN,title,publisher,no_of_pages,summary,`language`) VALUES ( 9789604911134,"Ψηφιακή Σχεδίαση, 6η Έκδοση","Α. ΠΑΠΑΣΩΤΗΡΙΟΥ & ΣΙΑ Ι.Κ.Ε.",940,"cess here was just- - Ugh! ","English");
INSERT INTO semester_project.Book (ISBN,title,publisher,no_of_pages,summary,`language`) VALUES ( 9789602663356,"Μηχανική του Απολύτως Στερεού","Σ.ΑΘΑΝΑΣΟΠΟΥΛΟΣ & ΣΙΑ Ι.Κ.Ε",868,"eedrat stew.{Chuckling}{Si","English");
INSERT INTO semester_project.Book (ISBN,title,publisher,no_of_pages,summary,`language`) VALUES ( 9789608923973,"ΔΥΝΑΜΙΚΗ ΣΤΕΡΕΟΥ ΣΩΜΑΤΟΣ","ΒΑΔΑΛΟΥΚΑΣ ΣΥΜΒΟΥΛΟΙ ΜΗΧΑΝΙΚΟΙ Ι.Κ.Ε.",474,"s okay.-What did you do with","Ελληνικά");
INSERT INTO semester_project.Authors (first_name,last_name) VALUES ( "BJARNE","STROUSTRUP");
INSERT INTO semester_project.Wrote (author_id,book_ISBN) VALUES ( 1,9789603322092);
INSERT INTO semester_project.Authors (first_name,last_name) VALUES ( "ΝΙΚΟΣ","ΧΑΤΖΗΓΙΑΝΝΑΚΗΣ");
INSERT INTO semester_project.Wrote (author_id,book_ISBN) VALUES ( 2,9789604616206);
INSERT INTO semester_project.Authors (first_name,last_name) VALUES ( "Paul","Deitel");
INSERT INTO semester_project.Wrote (author_id,book_ISBN) VALUES ( 3,9789605126803);
INSERT INTO semester_project.Wrote (author_id,book_ISBN) VALUES ( 3,9789605126803);
INSERT INTO semester_project.Authors (first_name,last_name) VALUES ( "Stroustrup","Bjarne");
INSERT INTO semester_project.Wrote (author_id,book_ISBN) VALUES ( 4,9789604911141);
INSERT INTO semester_project.Authors (first_name,last_name) VALUES ( "WESTFALL","RICHARD");
INSERT INTO semester_project.Wrote (author_id,book_ISBN) VALUES ( 5,9789607309471);
INSERT INTO semester_project.Authors (first_name,last_name) VALUES ( "ΣΥΛΛΟΓΙΚΟ","ΡΕΝΤΕΤΖΗ");
INSERT INTO semester_project.Wrote (author_id,book_ISBN) VALUES ( 6,9789607651907);
INSERT INTO semester_project.Authors (first_name,last_name) VALUES ( "W.","BIJKER");
INSERT INTO semester_project.Wrote (author_id,book_ISBN) VALUES ( 7,9602546956);
INSERT INTO semester_project.Authors (first_name,last_name) VALUES ( "ΝΙΚΟΣ","ΑΥΓΕΛΗΣ");
INSERT INTO semester_project.Wrote (author_id,book_ISBN) VALUES ( 8,9786185306502);
INSERT INTO semester_project.Authors (first_name,last_name) VALUES ( "Κωνσταντίνος","Φαράκος");
INSERT INTO semester_project.Wrote (author_id,book_ISBN) VALUES ( 9,9786185495503);
INSERT INTO semester_project.Authors (first_name,last_name) VALUES ( "C.","Kittel");
INSERT INTO semester_project.Wrote (author_id,book_ISBN) VALUES ( 10,9602545313);
INSERT INTO semester_project.Authors (first_name,last_name) VALUES ( "W.","Knight");
INSERT INTO semester_project.Wrote (author_id,book_ISBN) VALUES ( 11,9602545313);
INSERT INTO semester_project.Authors (first_name,last_name) VALUES ( "M.","Ruderman");
INSERT INTO semester_project.Wrote (author_id,book_ISBN) VALUES ( 12,9602545313);
INSERT INTO semester_project.Authors (first_name,last_name) VALUES ( "A.","Helmholz");
INSERT INTO semester_project.Wrote (author_id,book_ISBN) VALUES ( 13,9602545313);
INSERT INTO semester_project.Authors (first_name,last_name) VALUES ( "B.","Moyer");
INSERT INTO semester_project.Wrote (author_id,book_ISBN) VALUES ( 14,9602545313);
INSERT INTO semester_project.Authors (first_name,last_name) VALUES ( "DANIEL","KLEPPNER");
INSERT INTO semester_project.Wrote (author_id,book_ISBN) VALUES ( 15,9789604618514);
INSERT INTO semester_project.Authors (first_name,last_name) VALUES ( "ROBERT","KOLENKOW");
INSERT INTO semester_project.Wrote (author_id,book_ISBN) VALUES ( 16,9789604618514);
INSERT INTO semester_project.Authors (first_name,last_name) VALUES ( "Κουνάβης","Παναγιώτης");
INSERT INTO semester_project.Wrote (author_id,book_ISBN) VALUES ( 17,9789605863050);
INSERT INTO semester_project.Authors (first_name,last_name) VALUES ( "Giancoli","Douglas");
INSERT INTO semester_project.Wrote (author_id,book_ISBN) VALUES ( 18,9789604189823);
INSERT INTO semester_project.Authors (first_name,last_name) VALUES ( "Τζίκα","Αλίκη");
INSERT INTO semester_project.Wrote (author_id,book_ISBN) VALUES ( 19,9789604910243);
INSERT INTO semester_project.Authors (first_name,last_name) VALUES ( "Ρασσιάς","Θ.");
INSERT INTO semester_project.Wrote (author_id,book_ISBN) VALUES ( 20,9786185066765);
INSERT INTO semester_project.Authors (first_name,last_name) VALUES ( "Κραββαρίτης","Δ.");
INSERT INTO semester_project.Wrote (author_id,book_ISBN) VALUES ( 21,9786185309008);
INSERT INTO semester_project.Wrote (author_id,book_ISBN) VALUES ( 17,9786185495329);
INSERT INTO semester_project.Authors (first_name,last_name) VALUES ( "Φελλούρης","Α.");
INSERT INTO semester_project.Wrote (author_id,book_ISBN) VALUES ( 22,9786185066871);
INSERT INTO semester_project.Authors (first_name,last_name) VALUES ( "Καδιανάκης","Σ.");
INSERT INTO semester_project.Wrote (author_id,book_ISBN) VALUES ( 23,9786185066789);
INSERT INTO semester_project.Authors (first_name,last_name) VALUES ( "Παντελίδης","Π.");
INSERT INTO semester_project.Wrote (author_id,book_ISBN) VALUES ( 24,9786185066611);
INSERT INTO semester_project.Authors (first_name,last_name) VALUES ( "Gilbert","Strang");
INSERT INTO semester_project.Wrote (author_id,book_ISBN) VALUES ( 25,9789605246358);
INSERT INTO semester_project.Authors (first_name,last_name) VALUES ( "Παπαοδυσσεύς","Κωνσταντίνος");
INSERT INTO semester_project.Wrote (author_id,book_ISBN) VALUES ( 26,9789604187218);
INSERT INTO semester_project.Authors (first_name,last_name) VALUES ( "Mano","Morris");
INSERT INTO semester_project.Wrote (author_id,book_ISBN) VALUES ( 27,9789604911134);
INSERT INTO semester_project.Authors (first_name,last_name) VALUES ( "Ciletti","Michael");
INSERT INTO semester_project.Wrote (author_id,book_ISBN) VALUES ( 28,9789604911134);
INSERT INTO semester_project.Authors (first_name,last_name) VALUES ( "Μαυραγάνης","Αναστάσιος");
INSERT INTO semester_project.Wrote (author_id,book_ISBN) VALUES ( 29,9789602663356);
INSERT INTO semester_project.Authors (first_name,last_name) VALUES ( "Γ.Α.","ΠΑΠΑΔΟΠΟΥΛΟΣ");
INSERT INTO semester_project.Wrote (author_id,book_ISBN) VALUES ( 30,9789608923973);
INSERT INTO semester_project.Authors (first_name,last_name) VALUES ( "Β.Γ.","ΒΑΔΑΛΟΥΚΑ");
INSERT INTO semester_project.Wrote (author_id,book_ISBN) VALUES ( 31,9789608923973);
INSERT INTO semester_project.Keywords (keyword) VALUES ( "Προγραμματισμός");
INSERT INTO semester_project.Keywords (keyword) VALUES ( "Μαθηματικά");
INSERT INTO semester_project.Keywords (keyword) VALUES ( "Μηχανική");
INSERT INTO semester_project.Keywords (keyword) VALUES ( "Ηλεκτρομαγνητικά Πεδία");
INSERT INTO semester_project.Keywords (keyword) VALUES ( "Ανώτερη Φυσική");
INSERT INTO semester_project.Keywords (keyword) VALUES ( "Ενέργεια");
INSERT INTO semester_project.Keywords (keyword) VALUES ( "Δίκτυα");
INSERT INTO semester_project.Keywords (keyword) VALUES ( "Ανθρωπιστικά");
INSERT INTO semester_project.Keywords_in_book (keyword_id,keyword, book_ISBN) VALUES (1, "Μαθηματικά",9789603322092);
INSERT INTO semester_project.Keywords_in_book (keyword_id,book_ISBN) VALUES ( "Μηχανική",9789603322092);
INSERT INTO semester_project.Keywords_in_book (keyword_id,book_ISBN) VALUES ( "Ηλεκτρομαγνητικά Πεδία",9789603322092);
INSERT INTO semester_project.Keywords_in_book (keyword_id,book_ISBN) VALUES ( "Ανώτερη Φυσική",9789604616206);
INSERT INTO semester_project.Keywords_in_book (keyword_id,book_ISBN) VALUES ( "Ενέργεια",9789604616206);
INSERT INTO semester_project.Keywords_in_book (keyword_id,book_ISBN) VALUES ( "Δίκτυα",9789605126803);
INSERT INTO semester_project.Keywords_in_book (keyword_id,book_ISBN) VALUES ( "Ανθρωπιστικά",9789604911141);
INSERT INTO semester_project.Keywords_in_book (keyword_id,book_ISBN) VALUES ( "Προγραμματισμός",9789604911141);
INSERT INTO semester_project.Keywords_in_book (keyword_id,book_ISBN) VALUES ( "Μαθηματικά",9789607309471);
INSERT INTO semester_project.Keywords_in_book (keyword_id,book_ISBN) VALUES ( "Μηχανική",9789607651907);
INSERT INTO semester_project.Keywords_in_book (keyword_id,book_ISBN) VALUES ( "Ηλεκτρομαγνητικά Πεδία",9789607651907);
INSERT INTO semester_project.Keywords_in_book (keyword_id,book_ISBN) VALUES ( "Ανώτερη Φυσική",9789607651907);
INSERT INTO semester_project.Keywords_in_book (keyword_id,book_ISBN) VALUES ( "Ενέργεια",9602546956);
INSERT INTO semester_project.Keywords_in_book (keyword_id,book_ISBN) VALUES ( "Δίκτυα",9602546956);
INSERT INTO semester_project.Keywords_in_book (keyword_id,book_ISBN) VALUES ( "Ανθρωπιστικά",9786185306502);
INSERT INTO semester_project.Keywords_in_book (keyword_id,book_ISBN) VALUES ( "Προγραμματισμός",9786185306502);
INSERT INTO semester_project.Keywords_in_book (keyword_id,book_ISBN) VALUES ( "Μαθηματικά",9786185495503);
INSERT INTO semester_project.Keywords_in_book (keyword_id,book_ISBN) VALUES ( "Μηχανική",9786185495503);
INSERT INTO semester_project.Keywords_in_book (keyword_id,book_ISBN) VALUES ( "Ηλεκτρομαγνητικά Πεδία",9602545313);
INSERT INTO semester_project.Keywords_in_book (keyword_id,book_ISBN) VALUES ( "Ανώτερη Φυσική",9602545313);
INSERT INTO semester_project.Keywords_in_book (keyword_id,book_ISBN) VALUES ( "Ενέργεια",9789604618514);
INSERT INTO semester_project.Keywords_in_book (keyword_id,book_ISBN) VALUES ( "Δίκτυα",9789605863050);
INSERT INTO semester_project.Keywords_in_book (keyword_id,book_ISBN) VALUES ( "Ανθρωπιστικά",9789604189823);
INSERT INTO semester_project.Keywords_in_book (keyword_id,book_ISBN) VALUES ( "Προγραμματισμός",9789604189823);
INSERT INTO semester_project.Keywords_in_book (keyword_id,book_ISBN) VALUES ( "Μαθηματικά",9789604189823);
INSERT INTO semester_project.Keywords_in_book (keyword_id,book_ISBN) VALUES ( "Μηχανική",9789604910243);
INSERT INTO semester_project.Keywords_in_book (keyword_id,book_ISBN) VALUES ( "Ηλεκτρομαγνητικά Πεδία",9786185066765);
INSERT INTO semester_project.Keywords_in_book (keyword_id,book_ISBN) VALUES ( "Ανώτερη Φυσική",9786185066765);
INSERT INTO semester_project.Keywords_in_book (keyword_id,book_ISBN) VALUES ( "Ενέργεια",9786185309008);
INSERT INTO semester_project.Keywords_in_book (keyword_id,book_ISBN) VALUES ( "Δίκτυα",9786185309008);
INSERT INTO semester_project.Keywords_in_book (keyword_id,book_ISBN) VALUES ( "Ανθρωπιστικά",9786185495329);
INSERT INTO semester_project.Keywords_in_book (keyword_id,book_ISBN) VALUES ( "Προγραμματισμός",9786185495329);
INSERT INTO semester_project.Keywords_in_book (keyword_id,book_ISBN) VALUES ( "Μαθηματικά",9786185066871);
INSERT INTO semester_project.Keywords_in_book (keyword_id,book_ISBN) VALUES ( "Μηχανική",9786185066871);
INSERT INTO semester_project.Keywords_in_book (keyword_id,book_ISBN) VALUES ( "Ηλεκτρομαγνητικά Πεδία",9786185066789);
INSERT INTO semester_project.Keywords_in_book (keyword_id,book_ISBN) VALUES ( "Ανώτερη Φυσική",9786185066611);
INSERT INTO semester_project.Keywords_in_book (keyword_id,book_ISBN) VALUES ( "Ενέργεια",9786185066611);
INSERT INTO semester_project.Keywords_in_book (keyword_id,book_ISBN) VALUES ( "Δίκτυα",9789605246358);
INSERT INTO semester_project.Keywords_in_book (keyword_id,book_ISBN) VALUES ( "Ανθρωπιστικά",9789604187218);
INSERT INTO semester_project.Keywords_in_book (keyword_id,book_ISBN) VALUES ( "Προγραμματισμός",9789604911134);
INSERT INTO semester_project.Keywords_in_book (keyword_id,book_ISBN) VALUES ( "Μαθηματικά",9789604911134);
INSERT INTO semester_project.Keywords_in_book (keyword_id,book_ISBN) VALUES ( "Μηχανική",9789604911134);
INSERT INTO semester_project.Keywords_in_book (keyword_id,book_ISBN) VALUES ( "Ηλεκτρομαγνητικά Πεδία",9789602663356);
INSERT INTO semester_project.Keywords_in_book (keyword_id,book_ISBN) VALUES ( "Ανώτερη Φυσική",9789608923973);
INSERT INTO semester_project.Thematic_Category (category) VALUES ( "Romance");
INSERT INTO semester_project.Thematic_Category (category) VALUES ( "Mystery");
INSERT INTO semester_project.Thematic_Category (category) VALUES ( "Thriller");
INSERT INTO semester_project.Thematic_Category (category) VALUES ( "Science Fiction");
INSERT INTO semester_project.Thematic_Category (category) VALUES ( "Fantasy");
INSERT INTO semester_project.Thematic_Category (category) VALUES ( "Historical Fiction");
INSERT INTO semester_project.Thematic_Category (category) VALUES ( "Horror");
INSERT INTO semester_project.Thematic_Category (category) VALUES ( "Biography/Memoir");
INSERT INTO semester_project.Thematic_Category (category) VALUES ( "Self-help");
INSERT INTO semester_project.Thematic_Category (category) VALUES ( "Travel");
INSERT INTO semester_project.Thematic_Category (category) VALUES ( "Business");
INSERT INTO semester_project.Thematic_Category (category) VALUES ( "Education");
INSERT INTO semester_project.Thematic_Category (category) VALUES ( "Poetry");
INSERT INTO semester_project.Belongs_in (category_id,category, book_ISBN) VALUES (2,  "Mystery",9789603322092);
INSERT INTO semester_project.Belongs_in (category_id,category, book_ISBN) VALUES (3, "Thriller",9789603322092);
INSERT INTO semester_project.Belongs_in (category_id,category, book_ISBN) VALUES (4, "Science Fiction",9789604616206);
INSERT INTO semester_project.Belongs_in (category_id,category, book_ISBN) VALUES (5, "Fantasy",9789604616206);
INSERT INTO semester_project.Belongs_in (category_id,category, book_ISBN) VALUES (6, "Historical Fiction",9789604616206);
INSERT INTO semester_project.Belongs_in (category_id,category, book_ISBN) VALUES (7, "Horror",9789605126803);
INSERT INTO semester_project.Belongs_in (category_id,category, book_ISBN) VALUES (8, "Biography/Memoir",9789604911141);
INSERT INTO semester_project.Belongs_in (category_id,category, book_ISBN) VALUES (9, "Self-help",9789604911141);
INSERT INTO semester_project.Belongs_in (category_id,category, book_ISBN) VALUES (10, "Travel",9789607309471);
INSERT INTO semester_project.Belongs_in (category_id,category, book_ISBN) VALUES (11, "Business",9789607651907);
INSERT INTO semester_project.Belongs_in (category_id,category, book_ISBN) VALUES (12, "Education",9789607651907);
INSERT INTO semester_project.Belongs_in (category_id,category, book_ISBN) VALUES (13, "Poetry",9602546956);
INSERT INTO semester_project.Belongs_in (category_id,category, book_ISBN) VALUES (1, "Romance",9602546956);
INSERT INTO semester_project.Belongs_in (category_id,category, book_ISBN) VALUES (2, "Mystery",9602546956);
INSERT INTO semester_project.Belongs_in (category_id,category, book_ISBN) VALUES (3, "Thriller",9786185306502);
INSERT INTO semester_project.Belongs_in (category_id,category, book_ISBN) VALUES (4, "Science Fiction",9786185495503);
INSERT INTO semester_project.Belongs_in (category_id,category, book_ISBN) VALUES (5, "Fantasy",9602545313);
INSERT INTO semester_project.Belongs_in (category_id,category, book_ISBN) VALUES (6, "Historical Fiction",9789604618514);
INSERT INTO semester_project.Belongs_in (category_id,category, book_ISBN) VALUES (7, "Horror",9789604618514);
INSERT INTO semester_project.Belongs_in (category_id,category, book_ISBN) VALUES (8, "Biography/Memoir",9789604618514);
INSERT INTO semester_project.Belongs_in (category_id,category, book_ISBN) VALUES (9, "Self-help",9789605863050);
INSERT INTO semester_project.Belongs_in (category_id,category, book_ISBN) VALUES (10. "Travel",9789605863050);
INSERT INTO semester_project.Belongs_in (category_id,category, book_ISBN) VALUES (11, "Business",9789605863050);
INSERT INTO semester_project.Belongs_in (category_id,category, book_ISBN) VALUES (12, "Education",9789604189823);
INSERT INTO semester_project.Belongs_in (category_id,category, book_ISBN) VALUES (13, "Poetry",9789604910243);
INSERT INTO semester_project.Belongs_in (category_id,category, book_ISBN) VALUES (1, "Romance",9786185066765);
INSERT INTO semester_project.Belongs_in (category_id,category, book_ISBN) VALUES (2, "Mystery",9786185066765);
INSERT INTO semester_project.Belongs_in (category_id,category, book_ISBN) VALUES (3, "Thriller",9786185309008);
INSERT INTO semester_project.Belongs_in (category_id,category, book_ISBN) VALUES (4, "Science Fiction",9786185309008);
INSERT INTO semester_project.Belongs_in (category_id,category, book_ISBN) VALUES (5, "Fantasy",9786185495329);
INSERT INTO semester_project.Belongs_in (category_id,category, book_ISBN) VALUES (6, "Historical Fiction",9786185066871);
INSERT INTO semester_project.Belongs_in (category_id,category, book_ISBN) VALUES (7, "Horror",9786185066789);
INSERT INTO semester_project.Belongs_in (category_id,category, book_ISBN) VALUES (8, "Biography/Memoir",9786185066611);
INSERT INTO semester_project.Belongs_in (category_id,category, book_ISBN) VALUES (9, "Self-help",9786185066611);
INSERT INTO semester_project.Belongs_in (category_id,category, book_ISBN) VALUES (10, "Travel",9786185066611);
INSERT INTO semester_project.Belongs_in (category_id,category, book_ISBN) VALUES (11, "Business",9789605246358);
INSERT INTO semester_project.Belongs_in (category_id,category, book_ISBN) VALUES (12, "Education",9789604187218);
INSERT INTO semester_project.Belongs_in (category_id,category, book_ISBN) VALUES (13,"Poetry",9789604911134);
INSERT INTO semester_project.Belongs_in (category_id,category, book_ISBN) VALUES (1, "Romance",9789602663356);
INSERT INTO semester_project.Belongs_in (category_id,category, book_ISBN) VALUES (2, "Mystery",9789608923973);
INSERT INTO semester_project.Belongs_in (category_id,category, book_ISBN) VALUES (3, "Thriller",9789608923973);

